{"cameraMode":{"drawMode":0,"name":"Shaded","section":"Shading Mode"},"sceneLighting":false,"audioPlay":false,"sceneViewState":{"showFog":true,"showMaterialUpdate":true,"showSkybox":true,"showFlares":true,"showImageEffects":true,"showParticleSystems":true},"in2DMode":false,"pivot":{"x":-4.9868011474609379,"y":0.41737955808639529,"z":-0.15678927302360536},"rotation":{"x":-0.17984521389007569,"y":0.02744072861969471,"z":-0.0050194645300507549,"w":-0.9832993149757385},"size":48.99720764160156,"orthographic":true}